Club,Activity (msgs/day),Participation,Responsiveness,Sustainability,CEI,Rating
montage,27.4,0.5196786608502586,0.17504688882002528,0.008156429752640106,11.151728618994348,⭐⭐
coding,18.0,0.8432097748055865,0.10162162162162161,0.025166980249602594,7.475803954790961,⭐
chess,6.282608695652174,0.8013295618950007,0.05591677503250975,0.06052582034440676,2.7706782838703123,⭐
Business,6.018518518518518,0.9803475080647299,0.04400554761879933,0.08018935411951772,2.718331704762538,⭐
atwas,4.73469387755102,0.9392688322587959,0.036835262799479976,0.13389541492510293,2.1964147947504533,⭐
isai,2.25,0.9656336071428251,0.1875,0.43000161655276165,1.2701902437981238,⭐
